{"assets/images/default_product.png":["assets/images/default_product.png"],"assets/images/login.jpg":["assets/images/login.jpg"],"assets/images/noData.png":["assets/images/noData.png"],"assets/images/splash_screen.png":["assets/images/splash_screen.png"],"i18n/ar.json":["i18n/ar.json"],"i18n/de.json":["i18n/de.json"],"i18n/en.json":["i18n/en.json"],"i18n/es.json":["i18n/es.json"],"i18n/fr.json":["i18n/fr.json"],"i18n/hi.json":["i18n/hi.json"],"i18n/id.json":["i18n/id.json"],"i18n/my.json":["i18n/my.json"],"i18n/tr.json":["i18n/tr.json"],"packages/cupertino_icons/assets/CupertinoIcons.ttf":["packages/cupertino_icons/assets/CupertinoIcons.ttf"],"packages/fluttertoast/assets/toastify.css":["packages/fluttertoast/assets/toastify.css"],"packages/fluttertoast/assets/toastify.js":["packages/fluttertoast/assets/toastify.js"],"packages/material_design_icons_flutter/lib/fonts/materialdesignicons-webfont.ttf":["packages/material_design_icons_flutter/lib/fonts/materialdesignicons-webfont.ttf"]}